Workbook
Name REASSESSMENT_DATE: #REF!
Name Type: '[1]Maintenance Work Order'!#REF!

Sheet Contabilità fornitori
B2: MODELLO CONTABILITÀ CREDITI
B3: CONTABILITÀ FORNITORI
B4: SOCIETÀ | H4: TOTALE DOVUTO | I4: DATA CORRENTE | J4: INFORMAZIONI AGGIUNTIVE
H5: =SUM(H8:H26) | I5: =TODAY()
B6: Immettere tutti i dati nella scheda Contabilità fornitori. La invecchiamento dei crediti verrà popolato automaticamente.
B7: DATA FATTURA | C7: NUMERO FATTURA | D7: CLIENTE | E7: TERMINI | F7: IMPORTO TOTALE | G7: DATA DI SCADENZA | H7: SALDO DOVUTO | I7: PAGAMENTO 1 | J7: PAGAMENTO 2 | K7: PAGAMENTO 3 | L7: PAGAMENTO 4 | M7: PAGAMENTO 5 | N7: PAGAMENTO 6 | O7: PAGAMENTO 7 | P7: PAGAMENTO 8 | Q7: PAGAMENTO 9 | R7: PAGAMENTO 10 | S7: PAGAMENTO 11 | T7: PAGAMENTO 12
H8: =F8-SUM(I8:T8)
H9: =F9-SUM(I9:T9)
H10: =F10-SUM(I10:T10)
H11: =F11-SUM(I11:T11)
H12: =F12-SUM(I12:T12)
H13: =F13-SUM(I13:T13)
H14: =F14-SUM(I14:T14)
H15: =F15-SUM(I15:T15)
H16: =F16-SUM(I16:T16)
H17: =F17-SUM(I17:T17)
H18: =F18-SUM(I18:T18)
H19: =F19-SUM(I19:T19)
... H27: =F27-SUM(I27:T27)
B29: CLICCA QUI PER CREARE IN SMARTSHEET

Sheet Invecchiamento dei crediti
B1: MODELLO CONTABILITÀ CREDITI
B2: INVECCHIAMENTO DEI CREDITI
B3: SOCIETÀ | H3: DATA CORRENTE | I3: INFORMAZIONI AGGIUNTIVE
H4: =TODAY()
B5: Immettere tutti i dati nella scheda Contabilità fornitori. La invecchiamento dei crediti verrà popolato automaticamente.
B6: DATA FATTURA | C6: NUMERO FATTURA | D6: CLIENTE | E6: TERMINI | F6: IMPORTO TOTALE | G6: DATA DI SCADENZA | H6: SALDO DOVUTO | I6: CORRENTE | J6: 1-30 ANNI | K6: 31-60 ANNI | L6: 61-90 ANNI | M6: ETÀ > 91 ANNI
B7: ='Contabilità fornitori'!B8 | C7: ='Contabilità fornitori'!C8 | D7: ='Contabilità fornitori'!D8 | E7: ='Contabilità fornitori'!E8 | F7: ='Contabilità fornitori'!F8 | G7: ='Contabilità fornitori'!G8 | H7: ='Contabilità fornitori'!H8 | I7: =IFERROR(IF($G7>=$H$4,$H7,""), IF($D7>=$H$4,$H7,"")) | J7: =IFERROR(IF(AND($H$4-$G7>=1,$H$4-$G7<=30),$H7,""),IF(AND($H$4-$D7>=1,$H$4-$D7<=30),$H7,"")) | K7: =IFERROR(IF(AND($H$4-$G7>=31,$H$4-$G7<=60),$H7,""),IF(AND($H$4-$D7>=31,$H$4-$D7<=60),$H7,"")) | L7: =IFERROR(IF(AND($H$4-$G7>=61,$H$4-$G7<=90),$H7,""),IF(AND($H$4-$D7>=61,$H$4-$D7<=90),$H7,"")) | M7: =IFERROR(IF(AND($G7>0,$H$4-$G7>=91),$H7,""),IF(AND($D7>0,$H$4-$D7>=91),$H7,""))
B8: ='Contabilità fornitori'!B9 | C8: ='Contabilità fornitori'!C9 | D8: ='Contabilità fornitori'!D9 | E8: ='Contabilità fornitori'!E9 | F8: ='Contabilità fornitori'!F9 | G8: ='Contabilità fornitori'!G9 | H8: ='Contabilità fornitori'!H9 | I8: =IFERROR(IF($G8>=$H$4,$H8,""), IF($D8>=$H$4,$H8,"")) | J8: =IFERROR(IF(AND($H$4-$G8>=1,$H$4-$G8<=30),$H8,""),IF(AND($H$4-$D8>=1,$H$4-$D8<=30),$H8,"")) | K8: =IFERROR(IF(AND($H$4-$G8>=31,$H$4-$G8<=60),$H8,""),IF(AND($H$4-$D8>=31,$H$4-$D8<=60),$H8,"")) | L8: =IFERROR(IF(AND($H$4-$G8>=61,$H$4-$G8<=90),$H8,""),IF(AND($H$4-$D8>=61,$H$4-$D8<=90),$H8,"")) | M8: =IFERROR(IF(AND($G8>0,$H$4-$G8>=91),$H8,""),IF(AND($D8>0,$H$4-$D8>=91),$H8,""))
B9: ='Contabilità fornitori'!B10 | C9: ='Contabilità fornitori'!C10 | D9: ='Contabilità fornitori'!D10 | E9: ='Contabilità fornitori'!E10 | F9: ='Contabilità fornitori'!F10 | G9: ='Contabilità fornitori'!G10 | H9: ='Contabilità fornitori'!H10 | I9: =IFERROR(IF($G9>=$H$4,$H9,""), IF($D9>=$H$4,$H9,"")) | J9: =IFERROR(IF(AND($H$4-$G9>=1,$H$4-$G9<=30),$H9,""),IF(AND($H$4-$D9>=1,$H$4-$D9<=30),$H9,"")) | K9: =IFERROR(IF(AND($H$4-$G9>=31,$H$4-$G9<=60),$H9,""),IF(AND($H$4-$D9>=31,$H$4-$D9<=60),$H9,"")) | L9: =IFERROR(IF(AND($H$4-$G9>=61,$H$4-$G9<=90),$H9,""),IF(AND($H$4-$D9>=61,$H$4-$D9<=90),$H9,"")) | M9: =IFERROR(IF(AND($G9>0,$H$4-$G9>=91),$H9,""),IF(AND($D9>0,$H$4-$D9>=91),$H9,""))
B10: ='Contabilità fornitori'!B11 | C10: ='Contabilità fornitori'!C11 | D10: ='Contabilità fornitori'!D11 | E10: ='Contabilità fornitori'!E11 | F10: ='Contabilità fornitori'!F11 | G10: ='Contabilità fornitori'!G11 | H10: ='Contabilità fornitori'!H11 | I10: =IFERROR(IF($G10>=$H$4,$H10,""), IF($D10>=$H$4,$H10,"")) | J10: =IFERROR(IF(AND($H$4-$G10>=1,$H$4-$G10<=30),$H10,""),IF(AND($H$4-$D10>=1,$H$4-$D10<=30),$H10,"")) | K10: =IFERROR(IF(AND($H$4-$G10>=31,$H$4-$G10<=60),$H10,""),IF(AND($H$4-$D10>=31,$H$4-$D10<=60),$H10,"")) | L10: =IFERROR(IF(AND($H$4-$G10>=61,$H$4-$G10<=90),$H10,""),IF(AND($H$4-$D10>=61,$H$4-$D10<=90),$H10,"")) | M10: =IFERROR(IF(AND($G10>0,$H$4-$G10>=91),$H10,""),IF(AND($D10>0,$H$4-$D10>=91),$H10,""))
B11: ='Contabilità fornitori'!B12 | C11: ='Contabilità fornitori'!C12 | D11: ='Contabilità fornitori'!D12 | E11: ='Contabilità fornitori'!E12 | F11: ='Contabilità fornitori'!F12 | G11: ='Contabilità fornitori'!G12 | H11: ='Contabilità fornitori'!H12 | I11: =IFERROR(IF($G11>=$H$4,$H11,""), IF($D11>=$H$4,$H11,"")) | J11: =IFERROR(IF(AND($H$4-$G11>=1,$H$4-$G11<=30),$H11,""),IF(AND($H$4-$D11>=1,$H$4-$D11<=30),$H11,"")) | K11: =IFERROR(IF(AND($H$4-$G11>=31,$H$4-$G11<=60),$H11,""),IF(AND($H$4-$D11>=31,$H$4-$D11<=60),$H11,"")) | L11: =IFERROR(IF(AND($H$4-$G11>=61,$H$4-$G11<=90),$H11,""),IF(AND($H$4-$D11>=61,$H$4-$D11<=90),$H11,"")) | M11: =IFERROR(IF(AND($G11>0,$H$4-$G11>=91),$H11,""),IF(AND($D11>0,$H$4-$D11>=91),$H11,""))
B12: ='Contabilità fornitori'!B13 | C12: ='Contabilità fornitori'!C13 | D12: ='Contabilità fornitori'!D13 | E12: ='Contabilità fornitori'!E13 | F12: ='Contabilità fornitori'!F13 | G12: ='Contabilità fornitori'!G13 | H12: ='Contabilità fornitori'!H13 | I12: =IFERROR(IF($G12>=$H$4,$H12,""), IF($D12>=$H$4,$H12,"")) | J12: =IFERROR(IF(AND($H$4-$G12>=1,$H$4-$G12<=30),$H12,""),IF(AND($H$4-$D12>=1,$H$4-$D12<=30),$H12,"")) | K12: =IFERROR(IF(AND($H$4-$G12>=31,$H$4-$G12<=60),$H12,""),IF(AND($H$4-$D12>=31,$H$4-$D12<=60),$H12,"")) | L12: =IFERROR(IF(AND($H$4-$G12>=61,$H$4-$G12<=90),$H12,""),IF(AND($H$4-$D12>=61,$H$4-$D12<=90),$H12,"")) | M12: =IFERROR(IF(AND($G12>0,$H$4-$G12>=91),$H12,""),IF(AND($D12>0,$H$4-$D12>=91),$H12,""))
B13: ='Contabilità fornitori'!B14 | C13: ='Contabilità fornitori'!C14 | D13: ='Contabilità fornitori'!D14 | E13: ='Contabilità fornitori'!E14 | F13: ='Contabilità fornitori'!F14 | G13: ='Contabilità fornitori'!G14 | H13: ='Contabilità fornitori'!H14 | I13: =IFERROR(IF($G13>=$H$4,$H13,""), IF($D13>=$H$4,$H13,"")) | J13: =IFERROR(IF(AND($H$4-$G13>=1,$H$4-$G13<=30),$H13,""),IF(AND($H$4-$D13>=1,$H$4-$D13<=30),$H13,"")) | K13: =IFERROR(IF(AND($H$4-$G13>=31,$H$4-$G13<=60),$H13,""),IF(AND($H$4-$D13>=31,$H$4-$D13<=60),$H13,"")) | L13: =IFERROR(IF(AND($H$4-$G13>=61,$H$4-$G13<=90),$H13,""),IF(AND($H$4-$D13>=61,$H$4-$D13<=90),$H13,"")) | M13: =IFERROR(IF(AND($G13>0,$H$4-$G13>=91),$H13,""),IF(AND($D13>0,$H$4-$D13>=91),$H13,""))
B14: ='Contabilità fornitori'!B15 | C14: ='Contabilità fornitori'!C15 | D14: ='Contabilità fornitori'!D15 | E14: ='Contabilità fornitori'!E15 | F14: ='Contabilità fornitori'!F15 | G14: ='Contabilità fornitori'!G15 | H14: ='Contabilità fornitori'!H15 | I14: =IFERROR(IF($G14>=$H$4,$H14,""), IF($D14>=$H$4,$H14,"")) | J14: =IFERROR(IF(AND($H$4-$G14>=1,$H$4-$G14<=30),$H14,""),IF(AND($H$4-$D14>=1,$H$4-$D14<=30),$H14,"")) | K14: =IFERROR(IF(AND($H$4-$G14>=31,$H$4-$G14<=60),$H14,""),IF(AND($H$4-$D14>=31,$H$4-$D14<=60),$H14,"")) | L14: =IFERROR(IF(AND($H$4-$G14>=61,$H$4-$G14<=90),$H14,""),IF(AND($H$4-$D14>=61,$H$4-$D14<=90),$H14,"")) | M14: =IFERROR(IF(AND($G14>0,$H$4-$G14>=91),$H14,""),IF(AND($D14>0,$H$4-$D14>=91),$H14,""))
B15: ='Contabilità fornitori'!B16 | C15: ='Contabilità fornitori'!C16 | D15: ='Contabilità fornitori'!D16 | E15: ='Contabilità fornitori'!E16 | F15: ='Contabilità fornitori'!F16 | G15: ='Contabilità fornitori'!G16 | H15: ='Contabilità fornitori'!H16 | I15: =IFERROR(IF($G15>=$H$4,$H15,""), IF($D15>=$H$4,$H15,"")) | J15: =IFERROR(IF(AND($H$4-$G15>=1,$H$4-$G15<=30),$H15,""),IF(AND($H$4-$D15>=1,$H$4-$D15<=30),$H15,"")) | K15: =IFERROR(IF(AND($H$4-$G15>=31,$H$4-$G15<=60),$H15,""),IF(AND($H$4-$D15>=31,$H$4-$D15<=60),$H15,"")) | L15: =IFERROR(IF(AND($H$4-$G15>=61,$H$4-$G15<=90),$H15,""),IF(AND($H$4-$D15>=61,$H$4-$D15<=90),$H15,"")) | M15: =IFERROR(IF(AND($G15>0,$H$4-$G15>=91),$H15,""),IF(AND($D15>0,$H$4-$D15>=91),$H15,""))
B16: ='Contabilità fornitori'!B17 | C16: ='Contabilità fornitori'!C17 | D16: ='Contabilità fornitori'!D17 | E16: ='Contabilità fornitori'!E17 | F16: ='Contabilità fornitori'!F17 | G16: ='Contabilità fornitori'!G17 | H16: ='Contabilità fornitori'!H17 | I16: =IFERROR(IF($G16>=$H$4,$H16,""), IF($D16>=$H$4,$H16,"")) | J16: =IFERROR(IF(AND($H$4-$G16>=1,$H$4-$G16<=30),$H16,""),IF(AND($H$4-$D16>=1,$H$4-$D16<=30),$H16,"")) | K16: =IFERROR(IF(AND($H$4-$G16>=31,$H$4-$G16<=60),$H16,""),IF(AND($H$4-$D16>=31,$H$4-$D16<=60),$H16,"")) | L16: =IFERROR(IF(AND($H$4-$G16>=61,$H$4-$G16<=90),$H16,""),IF(AND($H$4-$D16>=61,$H$4-$D16<=90),$H16,"")) | M16: =IFERROR(IF(AND($G16>0,$H$4-$G16>=91),$H16,""),IF(AND($D16>0,$H$4-$D16>=91),$H16,""))
B17: ='Contabilità fornitori'!B18 | C17: ='Contabilità fornitori'!C18 | D17: ='Contabilità fornitori'!D18 | E17: ='Contabilità fornitori'!E18 | F17: ='Contabilità fornitori'!F18 | G17: ='Contabilità fornitori'!G18 | H17: ='Contabilità fornitori'!H18 | I17: =IFERROR(IF($G17>=$H$4,$H17,""), IF($D17>=$H$4,$H17,"")) | J17: =IFERROR(IF(AND($H$4-$G17>=1,$H$4-$G17<=30),$H17,""),IF(AND($H$4-$D17>=1,$H$4-$D17<=30),$H17,"")) | K17: =IFERROR(IF(AND($H$4-$G17>=31,$H$4-$G17<=60),$H17,""),IF(AND($H$4-$D17>=31,$H$4-$D17<=60),$H17,"")) | L17: =IFERROR(IF(AND($H$4-$G17>=61,$H$4-$G17<=90),$H17,""),IF(AND($H$4-$D17>=61,$H$4-$D17<=90),$H17,"")) | M17: =IFERROR(IF(AND($G17>0,$H$4-$G17>=91),$H17,""),IF(AND($D17>0,$H$4-$D17>=91),$H17,""))
B18: ='Contabilità fornitori'!B19 | C18: ='Contabilità fornitori'!C19 | D18: ='Contabilità fornitori'!D19 | E18: ='Contabilità fornitori'!E19 | F18: ='Contabilità fornitori'!F19 | G18: ='Contabilità fornitori'!G19 | H18: ='Contabilità fornitori'!H19 | I18: =IFERROR(IF($G18>=$H$4,$H18,""), IF($D18>=$H$4,$H18,"")) | J18: =IFERROR(IF(AND($H$4-$G18>=1,$H$4-$G18<=30),$H18,""),IF(AND($H$4-$D18>=1,$H$4-$D18<=30),$H18,"")) | K18: =IFERROR(IF(AND($H$4-$G18>=31,$H$4-$G18<=60),$H18,""),IF(AND($H$4-$D18>=31,$H$4-$D18<=60),$H18,"")) | L18: =IFERROR(IF(AND($H$4-$G18>=61,$H$4-$G18<=90),$H18,""),IF(AND($H$4-$D18>=61,$H$4-$D18<=90),$H18,"")) | M18: =IFERROR(IF(AND($G18>0,$H$4-$G18>=91),$H18,""),IF(AND($D18>0,$H$4-$D18>=91),$H18,""))
... B26: ='Contabilità fornitori'!B27 | C26: ='Contabilità fornitori'!C27 | D26: ='Contabilità fornitori'!D27 | E26: ='Contabilità fornitori'!E27 | F26: ='Contabilità fornitori'!F27 | G26: ='Contabilità fornitori'!G27 | H26: ='Contabilità fornitori'!H27 | I26: =IFERROR(IF($G26>=$H$4,$H26,""), IF($D26>=$H$4,$H26,"")) | J26: =IFERROR(IF(AND($H$4-$G26>=1,$H$4-$G26<=30),$H26,""),IF(AND($H$4-$D26>=1,$H$4-$D26<=30),$H26,"")) | K26: =IFERROR(IF(AND($H$4-$G26>=31,$H$4-$G26<=60),$H26,""),IF(AND($H$4-$D26>=31,$H$4-$D26<=60),$H26,"")) | L26: =IFERROR(IF(AND($H$4-$G26>=61,$H$4-$G26<=90),$H26,""),IF(AND($H$4-$D26>=61,$H$4-$D26<=90),$H26,"")) | M26: =IFERROR(IF(AND($G26>0,$H$4-$G26>=91),$H26,""),IF(AND($D26>0,$H$4-$D26>=91),$H26,""))
F27: INVECCHIAMENTO TOTALE DEI CREDITI | H27: =SUM(H7:H24) | I27: =SUM(I7:I24) | J27: =SUM(J7:J26) | K27: =SUM(K7:K26) | L27: =SUM(L7:L26) | M27: =SUM(M7:M26)
B29: PREPARATO DA | E29: DATTERO | H29: RECENSITO DA | L29: DATTERO

Sheet razione di non responsabilità -
B2: Tutti gli articoli, i modelli o le informazioni fornite da Smartsheet sul sito Web sono solo di riferimento. Mentre ci sforziamo di mantenere le informazioni aggiornate e corrette, non rilasciamo dichiarazioni o garanzie di alcun tipo, esplicite o implicite, circa la completezza, l'accuratezza, l'affidabilità, l'idoneità o la disponibilità in relazione al sito Web o alle informazioni, agli articoli, ai modelli o alla grafica correlata contenuti nel sito Web. Qualsiasi affidamento che fai su tali informazioni è quindi strettamente a tuo rischio.
